system_name,retrieval_f1,semantic_f1
AgenticRAG_Uncompiled_Agentic,0.6525595238095238,0.7529244775396909
AgenticRAG_Uncompiled_TextSplit,0.66125,0.7363480558645954
AgenticRAG_Compiled_Agentic,0.7572222222222222,0.7346077209223162
AgenticRAG_Compiled_TextSplit,0.7257936507936508,0.7142536189674773
VanillaRAG_Agentic,0.5114285714285713,0.591140100528175
LLM_Only_Baseline,0.0,0.5309967672346573
VanillaRAG_TextSplit,0.5098809523809524,0.514729982212143
